{"fid":["v.1","v.2","v.3","v.4","v.5","v.6","v.7","v.8","v.9","v.10","v.11","v.12","v.13","v.14","v.15","v.16","v.17","v.18","v.19","v.20","v.21","v.22","v.23","v.24","v.25","v.26","v.27","v.28","v.29","v.30","v.31","v.32","v.33","v.34","v.35","v.36","v.37","v.38","v.39","v.40","v.41","v.42","v.43","v.44","v.45","v.46","v.47","v.48","v.49","v.50","v.51"],"id":[1,2,3,4,5,6,7,8,9,10,11,12,13,14,15,16,17,18,19,20,21,22,23,24,25,26,27,28,29,30,31,32,33,34,35,36,37,38,39,40,41,42,43,44,45,46,47,48,49,50,51],"name":["Naigaon Koliwada","Pachu Bandar","Killa Bunder","Arnala Koliwada","Kochiwade","Eksar Koliwada","Vazira Koliwada","Shimpoli","Chimbai Koliwada","Chincholi Bunder","Juhu Moragaon","Juhu Tara Koliwada","Juhu Koliwada","Versova Koliwada","Madh Koliwada","Patwadi Koliwada","Bhatti Koliwada","Manori Koliwada","Bhandarwada","Dahisar Gaonthan","Girgaon Koliwada","Haji Ali Koliwada 1","Haji Ali Koliwada 2","Danda Koliwada","Marve Koliwada","Charkop Koliwada","Trombay Koliwada","Chendani Koliwada","Mahagiri Koliwada","Mandala village","Kopri Village","Navghar Koliwada","Bunder Pakhadi","Mahul Koliwada","Gavanpada","Maravli","Ambapada","Pailipada","Bhandup Gaon","Nahurgaon","Navghar Gavhanpada","Colaba Koliwada","Mandvi Koliwada","Dharavi Koliwada","Worli Koliwada","Sion Koliwada","Sewri Koliwada","Mahim Retibandar","Mahim Mori Road","Babulnath","Cuffe Parade"],"x":[72.8372727718772,72.8067441510314,72.8146015458676,72.7462480388654,72.8240757481739,72.8443072186345,72.8437291520894,72.8440916690354,72.8240182817008,72.841379,72.8216420554986,72.8280065250561,72.8268952592978,72.8051578163314,72.7889929494996,72.7879389610384,72.7839638270588,72.7828269508457,72.8099636226301,72.8571674493792,72.8143813445462,72.8133197331051,72.8068993025528,72.8227938187547,72.7991308163159,72.8184205577164,72.9481182916219,72.9790242917123,72.9816644099584,72.9359320109986,72.9701565646826,72.9615446917805,72.8315737288881,72.8895135971557,72.9000865738612,72.8915916825388,72.8907780903559,72.9449123818053,72.9445984352112,72.9436324532389,72.9631822882489,72.8294708980111,72.8376722460168,72.8545942000001,72.8173169070435,72.8641603829232,72.8570655433418,72.838058826645,72.8437452314292,72.8086550284891,72.824442223129],"y":[19.3436377941751,19.3278939632438,19.3268121242881,19.4602869913993,19.3390957931507,19.2375426458524,19.2281516010785,19.2219339329494,19.0560902014868,19.1790503,19.1181478135558,19.0880886794678,19.1106047941591,19.1422695756677,19.1411318437989,19.1300635820036,19.1584323953411,19.2084022265305,19.1982091840866,19.2568337207527,18.9534610223487,18.9871270003473,18.9778534791412,19.0764565173992,19.1952307722707,19.208246570898,19.032652394328,19.1859808382102,19.1935588882771,19.038301484196,19.1766274926082,19.1662486291756,19.2135563022084,19.0146511361422,19.0102693302363,19.0406679009565,19.0116639964184,19.0356881795552,19.149755906184,19.1569401323692,19.1722909536693,18.9160631398626,18.9503839938879,19.0466917,19.0207111983964,19.0406676234001,19.0004885006005,19.0451270610978,19.0436316182933,18.9597724051673,18.9187311293951]}