{"fid":["v.1","v.5","v.2","v.3","v.6","v.7","v.9","v.4","v.10","v.11","v.12","v.14","v.15","v.16","v.17","v.18","v.19","v.20","v.21","v.22","v.23","v.24","v.25","v.26","v.27"],"id":[1,5,2,3,6,7,9,4,10,11,12,14,15,16,17,18,19,20,21,22,23,24,25,26,27],"name":["Bhaucha Dhakka","Gateway of India Ferry","Bandra Ferry Wharf","Madh Jetty","MBPT Ferry Terminal","Sewri Jetty","Sasoon Dock","Versova Jetty","Naigaon Panju Ferry Terminal","Elephanta Jetty","Gorai Jetty","Arnala Jetty","Panju Ferry Boat Terminal","Arnala Fort Jetty","Essel World Jetty","Marve Jetty","Gorai Jetty","Manori Jetty","Belapur Jetty","Mandava Jetty","Elephanta Jetty","Karanja Jetty","Mora Jetty ( Uran )","Rewas Dhakka","Varsoli Jetty"],"x":[72.849384543917,72.8349302580568,72.8185405646693,72.8021043668539,72.8467122661449,72.8619675701723,72.8264990656081,72.803624814847,72.8404799775678,72.931522169376,72.8186906816421,72.7446499900681,72.8437503974068,72.7362432694708,72.8079937183633,72.7977382702879,72.8236563304786,72.7923814054485,73.0289371493378,72.882376966585,72.9365543103288,72.949744546417,72.9287399157504,72.9450942105709,72.8648845381895],"y":[18.9565926007927,18.9229623553799,19.0452787619291,19.1445416246614,18.9536232782582,18.9954532884787,18.9115444938062,19.1434546276402,19.3421619023566,18.9681803539852,19.2364139419922,19.4621657903949,19.3379730094751,19.4658646065016,19.2254722124886,19.1990660564055,19.2335512739134,19.1990291106767,19.0030669176807,18.8052341961355,18.9547375189137,18.8467580332451,18.9106967041789,18.8189095296489,18.6684803335721]}