{"fid":["v.3","v.6","v.7","v.1","v.4","v.5","v.2","v.8","v.9","v.10","v.11","v.12","v.13","v.14","v.15","v.16","v.17","v.18","v.19","v.20","v.21","v.22","v.23","v.24","v.25","v.26","v.27","v.28","v.29","v.30","v.31","v.32","v.33","v.34","v.35","v.36","v.37","v.38"],"id":[3,6,7,1,4,5,2,8,9,10,11,12,13,14,15,16,17,18,19,20,21,22,23,24,25,26,27,28,29,30,31,32,33,34,35,36,37,38],"name":["Ghatkopar Lion's Municipal Swimming Pool","Priyadarshani Sports Complex Swimming Pool","Shahaji Raje Sports Complex, Andheri Swimming Pool","Sardar Vallabhbhai Patel Swimming Pool","Nirlon Olympic Municipal Swimming Pool","General Arun Kumar Vaidya Swimming Pool","Mahatma Gandhi Memorial Olympic Swimming Pool","Municipal Swimming Pool","Thane Mahanagar Palika Taran Talav Sankul","G.C.C. Club","Swimming Pool Ameya Club","The Royal Club","NITRO Sports & Fitness Center","Vasai Virar Municipal Swimming Pool","Airoli Sports Association","Mittal Club","Late Yashwant Rama Salvi Swimming Pool","DC Club","Hon. Marotrao Shinde Swimming Pool","Asmita Club","Adharwadi Sports Complex Swimming pool","Mira Bhayander Sports Complex","KDMC Swimming pool","T S Chankya Goverment","YMCA Swimming Pool","Karnala Sports Academy's","Ramseth Thakur International Sports Complex","New Mumbai Merchants Gymkhana","NMSA Swimming Pool","D Y Patil (Sports Complex) Swimming Pool ","Nerul Gymkhana","Dombivli Gymkhana","Yash Gymkhana","Parshuram Tower Krida Circle","Muncipal Swiming Pool Pen","Uran Swimming Pool","Ulhasnagar Municipal Swimming Pool","Svds Sport Complex"],"x":[72.9089717310905,72.9480256194754,72.8368554386774,72.8365766541462,72.8426960220521,72.8987391352991,72.8362088289524,72.8300651644162,72.9608002939373,72.8782956561944,72.8098907289927,72.8133744592122,72.9742986228357,72.8243641339904,72.9987304579144,72.8494322946063,72.9913276995874,72.8117575550237,72.9739752541208,72.8623175934963,73.1234181597054,72.8619603444286,73.1036329901021,73.0065508012506,73.0451162868948,73.104225961292,73.0195509826939,73.0047547221047,72.9914762420541,73.0264289465521,73.0147406688771,73.1003595586702,73.1056763898186,73.0538147437709,73.0946400711398,72.9367414328527,73.1553793107954,73.2292558849586],"y":[19.0803219529712,19.1729700484029,19.1279291650757,19.2047201144473,19.158478085759,19.0618918347062,19.0280752517554,19.4553174031216,19.1876027712508,19.2829641221494,19.4422171844769,19.3711054145443,19.1784700786325,19.3891725035299,19.1440582424449,19.361900458668,19.1986855746526,19.3612371923432,19.1936449157187,19.2838386349384,19.2523922037837,19.2999718167374,19.2148490110057,19.0220373916113,19.0270619790281,18.9986954497541,18.9617920083386,19.0828095196214,19.0712039689176,19.0399852829399,19.0271510209793,19.2147169749519,19.2076840441012,19.2919563138391,18.7334857966779,18.8793822025537,19.2312565624005,19.1544965392229]}