{"fid":["v.9","v.10","v.2","v.11","v.18","v.19","v.14","v.15","v.16","v.17","v.12","v.7","v.8","v.3","v.13","v.1","v.4","v.5","v.6","v.21","v.22"],"id":[9,10,2,11,18,19,14,15,16,17,12,7,8,3,13,1,4,5,6,21,22],"name":["Bandra Waste Water","Chimbai","Walkeshwar","Duncan Causway","BUDP","Mulund","Old Versova","Malad","Shimpoli","Charkop","Ghatkopar","Mahim PS","Dadar","Worli","Sakinaka","Colaba","Vayali Road","Sant Gadge Maharaj Chowk","Chinchpokli","Kharghar Sewage Pumping Station","KDMC Sewerage Pumping Station"],"x":[72.8238993158434,72.8221890298477,72.7919945458258,72.8660773504496,72.9666820968146,72.9552503654239,72.8304143805741,72.8291054147766,72.8397774083581,72.8372733012617,72.9009020429242,72.8452164230766,72.8388966614616,72.8160980371036,72.8851812190517,72.8236568147143,72.8243835839996,72.8267422639758,72.8370757743426,73.0814873030061,73.1212263557072],"y":[19.0440388242536,19.0581860315861,18.9486656726175,19.049944509736,19.1681885974368,19.1605387446932,19.129110308856,19.1952596087861,19.2184600438867,19.2144311207939,19.0708363813555,19.025085891045,19.0142478039807,18.9925407182416,19.1072413208905,18.911356024109,18.9747535399067,18.9808985082462,18.9850657112623,19.0414178834506,19.2349164757923]}