{"fid":["v.2","v.1"],"id":[2,1],"name":["Irla","Haji Ali"],"x":[72.8247361191201,72.8121005575685],"y":[19.1192956110253,18.9785901319275]}