{"fid":["v.2","v.4","v.3","v.1"],"id":[2,4,3,1],"name":["Kurla Transfer Station","BMC Gorai Refuse Transfer Station","Mahalaxmi Transfer Station","Versova Transfer Station"],"x":[72.8714379698596,72.8271149027259,72.8261787822,72.8170427160019],"y":[19.0597552540411,19.2329674831673,18.985223481204,19.147395477548]}