{"fid":["v.1","v.12","v.13","v.1","v.2","v.3","v.4","v.5","v.6","v.7","v.8","v.9","v.10","v.11","v.12","v.13","v.null","v.null","v.null","v.null","v.null","v.null","v.null","v.null","v.null","v.null","v.null","v.null","v.null","v.null","v.null","v.null","v.null","v.null","v.null","v.null","v.null"],"id":[1,12,13,1,2,3,4,5,6,7,8,9,10,11,12,13,null,null,null,null,null,null,null,null,null,null,null,null,null,null,null,null,null,null,null,null,null],"name":["Bhandup Water Treatment Plant","Tulsi Water Treatment Plant","Vihar Water Treatment Plant","Kopri Water Treatment Plant","TMC Water Treatment Plant","Panvel Water Treatment Plants","Panvel Water Treatment Plant","Titwala Water Treatment Plant","Temghar Water Treatment Plant","NMMC Water Treatment Plant","CIDCO Water Treatment Plant","Shahad Water Treatment Plant","MBMC Water Treatment plant","KDMC Water Treatment Plant","Airoli Water Treatment Plant","Panvel Water Treatment plant","Water Treatment Plant","M.I.D.C Water Treatment Plant,Ambivali Tarfe Tungaratan","Water Treatment Plant - Ulwe","Water Treatment Plant","Water Treatment Plant","Water Treatment Plant Netivali Kalyan","KDMC Water Treatment Plant Mohili","Water Treatment Plant Vadavli","MIDC Ransai Water Treatment Plant","Kharvai MIDC Water Treatement Plant","MIDC Raw Water Pumping Station","Jambhul Water Treatment Plant","Water Trestement Plant","Jawaharlal Nehru Water Treatment Plant","CIDCO Water Treatment Plant","Water Treatment Plant, Kalyan","MCGM WATER PUMPING STATION","Water Treatement Plant","Water Treatement Plant"," Panjrapur Water Treatment Plant","Water Treatment Plant"],"x":[72.9203917959384,72.9159602559373,72.9093979098471,72.9736320293569,73.02834357789,73.1047118092658,73.1179219497139,73.2228393652084,73.0756211286068,72.9990052170818,73.0477541676058,73.1720811812817,72.8594543469514,73.1440233256252,72.9914341250558,73.1189051585687,73.1928518218275,73.1722192405662,73.0207107636231,73.3328793519229,72.9380937017244,73.1188822579167,73.1947649423867,73.1654890696005,73.0667563520003,73.2476990991589,73.2434768504721,73.2260678706813,73.1230323735451,73.2059817380211,73.0949499232057,73.1455819058056,73.183185224596,72.8678517657048,73.2510869226923,73.1096063952517,73.2516081961912],"y":[19.1653588533596,19.1857284942594,19.1383902248697,19.1777654194228,19.1730917061999,18.9794566426197,18.9902044185925,19.304892612594,19.2695508922555,19.0953571738014,19.024221276379,19.2418784660017,19.2753615028795,19.2557006979569,19.1545032151089,19.0066827564761,19.173444844211,18.9020446025687,18.9733347115953,18.9121677805676,19.4630731248125,19.2263789686154,19.2627057178374,19.2563997815459,18.8969893224055,19.1547969493655,19.2121928578142,19.1999348854141,19.0860462613826,18.914539172962,18.8100302261517,19.2177741429125,19.3170096726619,18.7192746970128,19.1504627433568,19.3155472330974,19.1611006748749]}