{"fid":["v.1","v.9","v.1","v.2"],"id":[1,9,1,2],"name":["B M C Malabar Hill Inline Booster Pumping Station","Mery Water Pumping Station","KDMC Water Pumping Station","Pawane Pumping Station"],"x":[72.8081637388939,72.8318033622685,73.1002731848437,73.0177490225327],"y":[18.9602591757265,18.9194810499028,19.2303989672462,19.0944317693231]}